[{"pos_x": 2.5, "pos_y": 24.475, "rotation": 180.0, "side": "top", "designator": "J2", "mpn": "", "pack": "PinHeader_1x02_P2.54mm_Vertical", "value": "IO", "mount_type": "tht", "place": false}, {"pos_x": 1.9, "pos_y": 44.15, "rotation": 0.0, "side": "top", "designator": "H1", "mpn": null, "pack": "MountingHole_2.2mm_M2", "value": "MountingHole", "mount_type": "tht", "place": true}, {"pos_x": 8.24, "pos_y": 33.185, "rotation": 90.0, "side": "top", "designator": "C5", "mpn": "04026D105KAT2A", "pack": "C_0402_1005Metric_Pad0.74x0.62mm_HandSolder", "value": "1u", "mount_type": "smt", "place": true}, {"pos_x": 14.525, "pos_y": 26.085, "rotation": 0.0, "side": "top", "designator": "C22", "mpn": "04026D105KAT2A", "pack": "C_0402_1005Metric_Pad0.74x0.62mm_HandSolder", "value": "1u", "mount_type": "smt", "place": true}, {"pos_x": 14.875, "pos_y": 36.45, "rotation": 0.0, "side": "top", "designator": "C19", "mpn": "0402YC104KAT2A", "pack": "C_0402_1005Metric_Pad0.74x0.62mm_HandSolder", "value": "100n", "mount_type": "smt", "place": true}, {"pos_x": 24.75, "pos_y": 20.15, "rotation": 180.0, "side": "top", "designator": "J4", "mpn": "", "pack": "PinHeader_1x02_P2.54mm_Vertical", "value": "ANATEST", "mount_type": "tht", "place": false}, {"pos_x": 24.5, "pos_y": 15.0, "rotation": 0.0, "side": "top", "designator": "H4", "mpn": null, "pack": "MountingHole_2.2mm_M2", "value": "MountingHole", "mount_type": "tht", "place": true}, {"pos_x": 21.75, "pos_y": 26.9, "rotation": 180.0, "side": "top", "designator": "R15", "mpn": "RC0402FR-07510RL", "pack": "R_0402_1005Metric_Pad0.72x0.64mm_HandSolder", "value": "510", "mount_type": "smt", "place": true}, {"pos_x": 11.25, "pos_y": 25.85, "rotation": 180.0, "side": "top", "designator": "C3", "mpn": "0402YC103KAT2A", "pack": "C_0402_1005Metric_Pad0.74x0.62mm_HandSolder", "value": "10n", "mount_type": "smt", "place": true}, {"pos_x": 17.85, "pos_y": 11.52, "rotation": 0.0, "side": "top", "designator": "C13", "mpn": "CL05A475MP5NRNC", "pack": "C_0402_1005Metric_Pad0.74x0.62mm_HandSolder", "value": "4.7u", "mount_type": "smt", "place": true}, {"pos_x": 14.875, "pos_y": 35.44, "rotation": 0.0, "side": "top", "designator": "C20", "mpn": "04026D105KAT2A", "pack": "C_0402_1005Metric_Pad0.74x0.62mm_HandSolder", "value": "1u", "mount_type": "smt", "place": true}, {"pos_x": 10.73, "pos_y": 13.55, "rotation": 90.0, "side": "top", "designator": "C14", "mpn": "0402YC104KAT2A", "pack": "C_0402_1005Metric_Pad0.74x0.62mm_HandSolder", "value": "100n", "mount_type": "smt", "place": true}, {"pos_x": 24.75, "pos_y": 27.15, "rotation": 180.0, "side": "top", "designator": "J3", "mpn": "", "pack": "PinHeader_1x02_P2.54mm_Vertical", "value": "ADC", "mount_type": "tht", "place": false}, {"pos_x": 18.625, "pos_y": 32.025, "rotation": 90.0, "side": "top", "designator": "R10", "mpn": "RC0402FR-0710KP", "pack": "R_0402_1005Metric_Pad0.72x0.64mm_HandSolder", "value": "10k", "mount_type": "smt", "place": true}, {"pos_x": 14.9325, "pos_y": 6.5, "rotation": 0.0, "side": "top", "designator": "C9", "mpn": "0402N470J250CT", "pack": "C_0402_1005Metric_Pad0.74x0.62mm_HandSolder", "value": "47p", "mount_type": "smt", "place": true}, {"pos_x": 14.525, "pos_y": 27.075, "rotation": 0.0, "side": "top", "designator": "C21", "mpn": "0402YC104KAT2A", "pack": "C_0402_1005Metric_Pad0.74x0.62mm_HandSolder", "value": "100n", "mount_type": "smt", "place": true}, {"pos_x": 18.3975, "pos_y": 13.8, "rotation": 180.0, "side": "top", "designator": "D1", "mpn": "LTST-C191KRKT", "pack": "LED_0603_1608Metric_Pad1.05x0.95mm_HandSolder", "value": "LED", "mount_type": "smt", "place": true}, {"pos_x": 13.815, "pos_y": 11.91, "rotation": 0.0, "side": "top", "designator": "U3", "mpn": "FT230XQ-R", "pack": "QFN-16-1EP_4x4mm_P0.65mm_EP2.1x2.1mm", "value": "FT230XQ", "mount_type": "smt", "place": true}, {"pos_x": 2.5, "pos_y": 2.5, "rotation": 0.0, "side": "top", "designator": "H2", "mpn": null, "pack": "MountingHole_2.2mm_M2", "value": "MountingHole", "mount_type": "tht", "place": true}, {"pos_x": 12.7325, "pos_y": 6.5, "rotation": 180.0, "side": "top", "designator": "C12", "mpn": "0402N470J250CT", "pack": "C_0402_1005Metric_Pad0.74x0.62mm_HandSolder", "value": "47p", "mount_type": "smt", "place": true}, {"pos_x": 19.625, "pos_y": 32.025, "rotation": 90.0, "side": "top", "designator": "R9", "mpn": "RC0402FR-0710KP", "pack": "R_0402_1005Metric_Pad0.72x0.64mm_HandSolder", "value": "10k", "mount_type": "smt", "place": true}, {"pos_x": 13.35, "pos_y": 8.1, "rotation": 90.0, "side": "top", "designator": "R8", "mpn": "RC0402FR-0727RL", "pack": "R_0402_1005Metric_Pad0.72x0.64mm_HandSolder", "value": "27R", "mount_type": "smt", "place": true}, {"pos_x": 7.48, "pos_y": 20.1875, "rotation": 90.0, "side": "top", "designator": "S2", "mpn": "KAE01SGGT", "pack": "SW_KAE01SGGT", "value": "KAE01SGGT", "mount_type": "smt", "place": true}, {"pos_x": 13.5, "pos_y": 21.185, "rotation": 90.0, "side": "top", "designator": "S1", "mpn": "TL3315NF160Q", "pack": "SW_TL3315NF160Q", "value": "TL3315NF160Q", "mount_type": "smt", "place": true}, {"pos_x": 19.0, "pos_y": 28.15, "rotation": 0.0, "side": "top", "designator": "U5", "mpn": "EAST1616RGBA8", "pack": "LED_EAST1616RGBA8", "value": "EAST1616RGBA8", "mount_type": "smt", "place": true}, {"pos_x": 9.35, "pos_y": 12.15, "rotation": 90.0, "side": "top", "designator": "D2", "mpn": "LTST-C191KRKT", "pack": "LED_0603_1608Metric_Pad1.05x0.95mm_HandSolder", "value": "LED", "mount_type": "smt", "place": true}, {"pos_x": 13.5675, "pos_y": 17.78, "rotation": 180.0, "side": "top", "designator": "C1", "mpn": "0402YC103KAT2A", "pack": "C_0402_1005Metric_Pad0.74x0.62mm_HandSolder", "value": "10n", "mount_type": "smt", "place": true}, {"pos_x": 13.0, "pos_y": 31.25, "rotation": 90.0, "side": "top", "designator": "U2", "mpn": "BLUENRG-232", "pack": "QFN50P500X500X100-33T345N", "value": "BLUENRG-232", "mount_type": "smt", "place": true}, {"pos_x": 18.6, "pos_y": 2.1825, "rotation": -90.0, "side": "top", "designator": "R5", "mpn": "RC0402FR-07453KL", "pack": "R_0402_1005Metric_Pad0.72x0.64mm_HandSolder", "value": "450k", "mount_type": "smt", "place": true}, {"pos_x": 10.05, "pos_y": 9.95, "rotation": 180.0, "side": "top", "designator": "R12", "mpn": "RC0402FR-07270RL", "pack": "R_0402_1005Metric_Pad0.72x0.64mm_HandSolder", "value": "270R", "mount_type": "smt", "place": true}, {"pos_x": 19.6, "pos_y": 4.4325, "rotation": -90.0, "side": "top", "designator": "C2", "mpn": "GRM155R60J106ME05D", "pack": "C_0402_1005Metric_Pad0.74x0.62mm_HandSolder", "value": "10u", "mount_type": "smt", "place": true}, {"pos_x": 9.25, "pos_y": 33.185, "rotation": 90.0, "side": "top", "designator": "C6", "mpn": "0402YC104KAT2A", "pack": "C_0402_1005Metric_Pad0.74x0.62mm_HandSolder", "value": "100n", "mount_type": "smt", "place": true}, {"pos_x": 10.5, "pos_y": 35.185, "rotation": 180.0, "side": "top", "designator": "C17", "mpn": "0402YC104KAT2A", "pack": "C_0402_1005Metric_Pad0.74x0.62mm_HandSolder", "value": "100n", "mount_type": "smt", "place": true}, {"pos_x": 15.8175, "pos_y": 17.78, "rotation": 0.0, "side": "top", "designator": "R1", "mpn": "RC0402FR-0710KP", "pack": "R_0402_1005Metric_Pad0.72x0.64mm_HandSolder", "value": "10k", "mount_type": "smt", "place": true}, {"pos_x": 22.2125, "pos_y": 3.9825, "rotation": 180.0, "side": "top", "designator": "U1", "mpn": "TLV62568DBV", "pack": "SOT-23-5", "value": "TLV62568DBV", "mount_type": "smt", "place": true}, {"pos_x": 22.6, "pos_y": 6.4225, "rotation": 180.0, "side": "top", "designator": "L1", "mpn": "LQM18PN2R2MGHD", "pack": "L_0603_1608Metric_Pad1.05x0.95mm_HandSolder", "value": "2.2u", "mount_type": "smt", "place": true}, {"pos_x": 24.5, "pos_y": 35.0, "rotation": 0.0, "side": "top", "designator": "H3", "mpn": null, "pack": "MountingHole_2.2mm_M2", "value": "MountingHole", "mount_type": "tht", "place": true}, {"pos_x": 2.5, "pos_y": 31.15, "rotation": 180.0, "side": "top", "designator": "J1", "mpn": "", "pack": "PinHeader_1x02_P2.54mm_Vertical", "value": "I2C", "mount_type": "tht", "place": false}, {"pos_x": 11.25, "pos_y": 24.85, "rotation": 180.0, "side": "top", "designator": "R4", "mpn": "RC0402FR-0710KP", "pack": "R_0402_1005Metric_Pad0.72x0.64mm_HandSolder", "value": "10k", "mount_type": "smt", "place": true}, {"pos_x": 13.0, "pos_y": 35.05, "rotation": 0.0, "side": "top", "designator": "U4", "mpn": "BALF-NRG-02D3", "pack": "CSPG04_1385X855_STM", "value": "BALF-NRG-02D3", "mount_type": "smt", "place": true}, {"pos_x": 21.75, "pos_y": 27.9, "rotation": 180.0, "side": "top", "designator": "R13", "mpn": "RC0402FR-07510RL", "pack": "R_0402_1005Metric_Pad0.72x0.64mm_HandSolder", "value": "510", "mount_type": "smt", "place": true}, {"pos_x": 10.5, "pos_y": 36.215, "rotation": 180.0, "side": "top", "designator": "C18", "mpn": "04026D105KAT2A", "pack": "C_0402_1005Metric_Pad0.74x0.62mm_HandSolder", "value": "1u", "mount_type": "smt", "place": true}, {"pos_x": 19.6, "pos_y": 2.1825, "rotation": -90.0, "side": "top", "designator": "R6", "mpn": "AC0402FR-13100KL", "pack": "R_0402_1005Metric_Pad0.72x0.64mm_HandSolder", "value": "100k", "mount_type": "smt", "place": true}, {"pos_x": 14.3, "pos_y": 8.1, "rotation": 90.0, "side": "top", "designator": "R7", "mpn": "RC0402FR-0727RL", "pack": "R_0402_1005Metric_Pad0.72x0.64mm_HandSolder", "value": "27R", "mount_type": "smt", "place": true}, {"pos_x": 10.21, "pos_y": 36.7835, "rotation": 0.0, "side": "top", "designator": "AE1", "mpn": "", "pack": "ant_foot", "value": "~", "mount_type": "tht", "place": false}, {"pos_x": 19.85, "pos_y": 6.4325, "rotation": 180.0, "side": "top", "designator": "C4", "mpn": "GRM155R60J106ME05D", "pack": "C_0402_1005Metric_Pad0.74x0.62mm_HandSolder", "value": "10u", "mount_type": "smt", "place": true}, {"pos_x": 21.75, "pos_y": 28.9, "rotation": 180.0, "side": "top", "designator": "R14", "mpn": "RC0402FR-07510RL", "pack": "R_0402_1005Metric_Pad0.72x0.64mm_HandSolder", "value": "510", "mount_type": "smt", "place": true}, {"pos_x": 17.86, "pos_y": 12.52, "rotation": 0.0, "side": "top", "designator": "R11", "mpn": "RC0402FR-07270RL", "pack": "R_0402_1005Metric_Pad0.72x0.64mm_HandSolder", "value": "270R", "mount_type": "smt", "place": true}, {"pos_x": 10.075, "pos_y": 37.275, "rotation": -90.0, "side": "bottom", "designator": "L2", "mpn": "LQG15HN2N2S02D", "pack": "L_0402_1005Metric_Pad0.77x0.64mm_HandSolder", "value": "2n", "mount_type": "smt", "place": true}, {"pos_x": 16.275, "pos_y": 36.625, "rotation": 90.0, "side": "bottom", "designator": "Y2", "mpn": "ECS-320-8-47-JTN-TR", "pack": "XTAL_ECS-320-8-47-JTN-TR", "value": "32MHz", "mount_type": "smt", "place": true}, {"pos_x": 5.1, "pos_y": 29.4, "rotation": 90.0, "side": "bottom", "designator": "R2", "mpn": "RC0402FR-0714K7L", "pack": "R_0402_1005Metric_Pad0.72x0.64mm_HandSolder", "value": "4.7k", "mount_type": "smt", "place": true}, {"pos_x": 12.0, "pos_y": 37.185, "rotation": 180.0, "side": "bottom", "designator": "Y1", "mpn": "ECS-.327-12.5-16-TR", "pack": "XTAL_ECS-.327-12.5-16-TR", "value": "32.768kHz", "mount_type": "smt", "place": true}, {"pos_x": 13.5, "pos_y": 2.7, "rotation": 180.0, "side": "bottom", "designator": "J5", "mpn": "USB3076-30-A", "pack": "USB_Micro-B_GCT_USB3076-30-A", "value": "USB_OTG", "mount_type": "smt", "place": true}, {"pos_x": 16.2975, "pos_y": 34.9, "rotation": 180.0, "side": "bottom", "designator": "C11", "mpn": "0402N150J250CT", "pack": "C_0402_1005Metric_Pad0.74x0.62mm_HandSolder", "value": "15p", "mount_type": "smt", "place": true}, {"pos_x": 5.0, "pos_y": 34.3, "rotation": -90.0, "side": "bottom", "designator": "R3", "mpn": "RC0402FR-0714K7L", "pack": "R_0402_1005Metric_Pad0.72x0.64mm_HandSolder", "value": "4.7k", "mount_type": "smt", "place": true}, {"pos_x": 7.75, "pos_y": 32.185, "rotation": 90.0, "side": "bottom", "designator": "C16", "mpn": "04025A101JAT2A", "pack": "C_0402_1005Metric_Pad0.74x0.62mm_HandSolder", "value": "100p", "mount_type": "smt", "place": true}, {"pos_x": 10.9325, "pos_y": 35.685, "rotation": 0.0, "side": "bottom", "designator": "C7", "mpn": "04025A220JAT2A", "pack": "C_0402_1005Metric_Pad0.74x0.62mm_HandSolder", "value": "22p", "mount_type": "smt", "place": true}, {"pos_x": 11.975, "pos_y": 38.475, "rotation": 0.0, "side": "bottom", "designator": "C8", "mpn": "04025A220JAT2A", "pack": "C_0402_1005Metric_Pad0.74x0.62mm_HandSolder", "value": "22p", "mount_type": "smt", "place": true}, {"pos_x": 17.1, "pos_y": 38.25, "rotation": 180.0, "side": "bottom", "designator": "C10", "mpn": "0402N150J250CT", "pack": "C_0402_1005Metric_Pad0.74x0.62mm_HandSolder", "value": "15p", "mount_type": "smt", "place": true}, {"pos_x": 17.7, "pos_y": 36.65, "rotation": 90.0, "side": "bottom", "designator": "L3", "mpn": "LQG15HS3N9S02D", "pack": "L_0402_1005Metric_Pad0.77x0.64mm_HandSolder", "value": "3.9n", "mount_type": "smt", "place": true}, {"pos_x": 8.75, "pos_y": 32.185, "rotation": 90.0, "side": "bottom", "designator": "C15", "mpn": "0402X154K100CT", "pack": "C_0402_1005Metric_Pad0.74x0.62mm_HandSolder", "value": "150n", "mount_type": "smt", "place": true}]